id;tipo_documento_benef;numero_documento_benef;nombre_uno;nombre_dos;apellido_uno;apellido_dos;nombre_uno_pago;nombre_dos_pago;apellido_uno_pago;apellido_dos_pago;fecha_pago;hora_pago;fecha_de_pago;estado;periodo_pago;motivo_anulacion;fecha_vigencia;fecha_cargue;nota;red_pagadora;observacion_control;solicitud_autorizacion;pin_pago;f_k_departamento_de_pago;f_k_municipio_de_pago;f_k_departamento;f_k_municipio;f_k_id_convenio;f_k_id_programa;valor_giro
1;Shilling Administrador connecting;43975;online Director;back payment;Director;initiatives;channels recontextualize Hormigon;up;invoice;Account;2022-02-17;Pizza scale;2022-02-17;Mobilidad Algodón e-business;Madagascar;Funcionario;2022-02-18;2022-02-17;deploy;port Arquitecto;protocol Central Moda;asíncrona wireless;Blanco;Metal virtual;recíproca Algodón;technologies embrace Inteligente;Rojo Account Azul;deposit;Card wireless ubiquitous;International Reactivo Albania
2;wireless Inversor;8753;Huerta;Acero;interface Mancha soporte;scale AGP streamline;Grupo;deposit Juguetería;Juguetería;Plástico e-tailers;2022-02-18;quantifying;2022-02-17;Hormigon;Programable;Aragón;2022-02-17;2022-02-18;open-source;Técnico;de;migración Plástico state;embrace navigate orquestar;Leone Plástico;Torrente mesh Ejecutivo;Oficial deposit Subida;Senda Gerente compressing;Violeta;bluetooth;Mascotas evolve Ferrocarril
3;calculate Account applications;93937;a Account;Deportes enhance;Borders Mascotas Corporativo;Avanzado Naira Queso;unleash;Bedfordshire Electrónica;Respuesta;Director;2022-02-18;intranet PCI next-generation;2022-02-17;ábanico e-business;Videojuegos killer PCI;impactful;2022-02-17;2022-02-18;Respuesta;bricks-and-clicks Vía;Supervisor Blanco compress;Aragón;Productor bifurcada;Práctico Papelería;Humano;escalable Croacia;Técnico;invoice;markets Operaciones;Productor Algerian
4;Práctico Investment grow;31498;HDD Berkshire Bebes;Polarizado proyección Barrio;basado Galicia;navigate;Persistente Ergonómico emulación;Extremadura flexibilidad Organizado;Salida;Centrado Refinado producto;2022-02-17;Argentine;2022-02-17;syndicate deposit;GB Fácil markets;bandwidth architectures;2022-02-17;2022-02-18;navigate Infraestructura;Especialista Extendido Artesanal;Gris;COM Investment Director;Bedfordshire Georgia open-source;Coche Andalucía auxiliary;Genérico Genérico;Algodón;potenciada Negro input;interface Pollo Bosnia;Ucrania Relacciones;Algodón RSS
5;mano Pizza;46694;proporciona Analista de;bus circuit;e-business Re-contextualizado back-end;compelling;proporciona;Avon;program;JSON implementación;2022-02-17;codificar solid;2022-02-17;Plaza;benchmark;Central Regional;2022-02-17;2022-02-17;Argentina capacitor Amarillo;Mascotas Metal Director;Entrada Guantes;transmit Rua;enfoque a;invoice;leverage;generating Granito payment;Marks protocol Distrito;Baleares Ergonómico Decoración;Market copying;Account Azul
6;compress back-end Artesanal;91028;Verde;Mascotas Cataluña;Virtual;navigating parsing;Arrabal;circuit synthesize conglomeración;Salchichas schemas;Madera Guantes;2022-02-17;multi-byte compressing;2022-02-17;Account;Yuan bluetooth;parsing;2022-02-18;2022-02-17;Guapa wireless;Salida;FTP;reintermediate;killer;portal Raton;Directo;Rico driver Auto;Heredado;microchip wireless fritas;País de;Cambridgeshire compressing
7;RAM Juguetería;83937;user-centric Guinea-Bisau homogénea;Violeta;Toallas Adaptativo synthesizing;back Integrado;Tailandia Realineado Configuración;Sorprendente Rojo;asimétrica synthesizing SMTP;Especialista;2022-02-18;evolve cross-platform protocol;2022-02-17;indexing Lempira línea;flexibilidad;Bermudian;2022-02-17;2022-02-17;Verde overriding;auxiliary proyecto index;array;Interacciones;Joyería Bricolaje Nacional;Avon;Toallas;Avenida Contabilidad;Rioja Directo Navarra;payment;Navarra Práctico;Franc Mobilidad no-volátil
8;Operaciones Hormigon;59524;Violeta Avon;Algodón Asturias Extramuros;Amarillo innovadora;Mercado;copying sistemática;Senegal Administrador Avon;Rústico Andalucía;Home circuit Buckinghamshire;2022-02-17;array;2022-02-18;deposit;Congo;Granito bandwidth;2022-02-17;2022-02-17;Savings;payment;Asimilado política Cliente;Comunidad Borders;bandwidth;Ensalada de;metódica 24 Dinamarca;Buckinghamshire parsing Metal;markets multi-byte synergize;program;colaboración Guapa Madera;Verde ADP
9;Torrente Philippine Corporativo;18167;Videojuegos Danish Ramal;Avenida;magnetic Account Negro;Ejecutivo;Increible Baleares;empower;THX;Ergonómico Salud FTP;2022-02-17;Director;2022-02-17;Director synthesize Zapatos;innovative;revolutionize Rioja;2022-02-17;2022-02-17;synthesize solución;JSON;Swiss Hogar online;deliverables función Home;Dinánmico;invoice Loan Gris;matrix;Namibia Adelante País;Videojuegos Ejecutivo solutions;Amarillo Loan Savings;Franc sistemática Bedfordshire;paradigms Hormigon
10;blockchains;66475;Gerente Región;Account;portals Violeta a;envisioneer;Cine hack;envisioneer Cantabria;Regional wireless cohesiva;Guatemala Supervisor;2022-02-17;functionalities;2022-02-17;Bedfordshire;Informática acceso;cohesiva;2022-02-17;2022-02-17;homogénea;Omani;Account;Consultor Sorprendente Morado;Checking;Checking;Azul;up AI synthesize;neural Cine;payment Liechtenstein Artesanal;up terciaria Corporativo;Saudi multi-byte
